method,disc_acc_mean,disc_acc_std,trials
chatgpt,66.4629,1.6374,"[66.37554585152839, 67.90393013100436, 68.12227074235808, 66.37554585152839, 63.53711790393013]"
gemini,61.5721,2.3798,"[59.388646288209614, 63.31877729257642, 58.29694323144105, 62.227074235807855, 64.62882096069869]"
