method,disc_acc_mean,disc_acc_std,trials
great,81.4041,0.7892,"[81.81315644002211, 81.64731896075179, 79.93366500829188, 81.37092316196794, 82.25538971807629]"
