method,disc_acc_mean,disc_acc_std,trials
great,63.6245,2.1685,"[64.19213973799127, 67.46724890829694, 62.227074235807855, 61.135371179039296, 63.1004366812227]"
